a0868066@lta0868066.ent.ti.com
br1@null.(none)
buildroot@mithis.com
chris@chrislaptop.(none)
cwiiis@chrislaptop.(none)
erich@erichl.mine.nu
erich@erichv.mine.nu
gbritton@doomcom.org
ggilbert@dreamland.(none)
ggilbert@fastframe.brooks.edu
ggilbert@olddog.(none)
ggilbert@olddog.treke.net
ggilbert@tinman.treke.net
ggilbert@treke.ath.cx
hrw@home.hrw.one.pl
hrw@marcinj.local
ich@debian.(none)
kebert@geralt.doma
kergoth@beast.local
kergoth@direwolf.(none)
kergoth@direwolf.itg.ti.com
kergoth@direwolf.ppp.ti.com
kergoth@handhelds.org
kergoth@hyperion.(none)
kergoth@linux.local
kergoth@nexus.(none)
kergoth@odin.(none)
kergoth@zelda.tuxnami.org
lpotter@polarbear.trolltech.com.au
lpotter@spiritship.(none)
mallum@shuttle.(none)
marcinj@marcinj.local
mickey@allanon.vanille.de
mickey@gandalf.tm.informatik.uni-frankfurt.de
mickey@merlin.vanille.de
mickey@r2d2.tm.informatik.uni-frankfurt.de
mickeyl@allanon.vanille.de
mickeyl@gandalf.tm.informatik.uni-frankfurt.de
mickeyl@r2d2.tm.informatik.uni-frankfurt.de
mithro@mithis.com
oe@sugarcube.dyndns.org
p.osiczko@tetrapyloctomy.org
pablo@kosmos.(none)
pb@dixie.nexus.co.uk
pb@stealth.(none)
pb@workhouse.(none)
pb@workhouse.nexus.co.uk
pb_@gandalf.tm.informatik.uni-frankfurt.de
ral@alwin.at.home
red@quarm.(none)
reenoo@sugarcube.dyndns.org
schurig@mnz66.mn-logistik.de
schurig@schurig.homelinux.net
szczepan@home.hrw.one.pl
szczepan@hrw.local
tgall@www.rochcivictheatre.org
themel@sophokles.home.themel.com
timh@host10.kano.org.uk
timh@smallshiny.kano.org.uk
wind@spiritship.(none)
xf005570@cn014xf005570l1.(none)
xf005570@cn014xf005570w1.
zecke@handhelds.org
